pusmonster, fuck
buttholes, butts
buttholes, butts
buttholes, butts
buttholes, butts
buttholes, butts
buttholes, butts
buttholes, butts
buttholes, butts
buttholes, butts
buttholes, butts
dylan, comp
dylan, comp
dylan, comp
dylan, comp
dylan, comp
dylan, comp
buttholes, butts
buttholes, butts
buttholes, butts
buttholes, butts
hi, mom
dylan, comp
buttholes, butts
dylan, comp
dylan, comp
DTEST, drakeisgod
catbutt, butt
catbutt, butt
DTEST, drakeisgod
catbutt, butt
catbutt, butt
pusmonster, fuck
pusmonster, fuck
DTEST, drakeisgod
pusmonster, fuck
pusmonster, fuck
DTEST, drakeisgod
DTEST, drakeisgod
DTEST, drakeisgod
pusmonster, fuck
another, test
catbutt, butt
butthole, butt
thisistest, yoyo
pusmonster, fuck
DTEST, drakeisgod
dylan, comp
dylan, comp
DTEST, drakeisgod
dylan, comp
DTEST, drakeisgod
pusmonster, fuck
pusmonster, fuck
DTEST, drakeisgod
dylan, comp
user, d
pusmonster, fuck
butts, buttts
pusmonster, fuck
butts, buttts
pusmonster, fuck
dylan, comp
pusmonster, fuck
butts, buttts
isdead, boo
pusmonster, fuck
pusmonster, fuck
dylan, comp
pusmonster, fuck
